{
	"credit": "Made with Blockbench",
	"textures": {
		"particle": "block/granite",
		"wall": "block/granite"
	},
	"elements": [
		{
			"from": [4, 0, 4],
			"to": [12, 9, 12],
			"faces": {
				"north": {"uv": [4, 7, 12, 16], "texture": "#wall"},
				"east": {"uv": [4, 7, 12, 16], "texture": "#wall"},
				"south": {"uv": [4, 7, 12, 16], "texture": "#wall"},
				"west": {"uv": [4, 7, 12, 16], "texture": "#wall"},
				"up": {"uv": [4, 4, 12, 12], "texture": "#wall", "cullface": "up"},
				"down": {"uv": [4, 4, 12, 12], "texture": "#wall", "cullface": "down"}
			}
		},
		{
			"from": [5, 9, 5],
			"to": [11, 16, 11],
			"faces": {
				"north": {"uv": [0, 0, 6, 7], "texture": "#wall"},
				"east": {"uv": [0, 0, 6, 7], "texture": "#wall"},
				"south": {"uv": [0, 0, 6, 7], "texture": "#wall"},
				"west": {"uv": [0, 0, 6, 7], "texture": "#wall"},
				"up": {"uv": [0, 0, 6, 6], "texture": "#wall"},
				"down": {"uv": [0, 0, 6, 6], "texture": "#wall"}
			}
		},
		{
			"from": [6, 16, 6],
			"to": [10, 22, 10],
			"faces": {
				"north": {"uv": [0, 0, 4, 6], "texture": "#wall"},
				"east": {"uv": [0, 0, 4, 6], "texture": "#wall"},
				"south": {"uv": [0, 0, 4, 6], "texture": "#wall"},
				"west": {"uv": [0, 0, 4, 6], "texture": "#wall"},
				"up": {"uv": [0, 0, 4, 4], "texture": "#wall"},
				"down": {"uv": [0, 0, 4, 4], "texture": "#wall"}
			}
		},
		{
			"from": [7, 22, 7],
			"to": [9, 26, 9],
			"faces": {
				"north": {"uv": [0, 0, 2, 4], "texture": "#wall"},
				"east": {"uv": [0, 0, 2, 4], "texture": "#wall"},
				"south": {"uv": [0, 0, 2, 4], "texture": "#wall"},
				"west": {"uv": [0, 0, 2, 4], "texture": "#wall"},
				"up": {"uv": [0, 0, 2, 2], "texture": "#wall"},
				"down": {"uv": [0, 0, 2, 2], "texture": "#wall"}
			}
		}
	],
	"display": {
		"thirdperson_righthand": {
			"translation": [0, 3, 1],
			"scale": [0.55, 0.55, 0.55]
		},
		"thirdperson_lefthand": {
			"scale": [0.49, 0.49, 0.49]
		},
		"firstperson_righthand": {
			"translation": [3, 0, 0],
			"scale": [0.5, 0.5, 0.5]
		},
		"firstperson_lefthand": {
			"translation": [3, 0, 0],
			"scale": [0.5, 0.5, 0.5]
		},
		"ground": {
			"scale": [0.5, 0.5, 0.5]
		},
		"gui": {			
			"rotation": [0, -20, 0],
			"translation": [0, -3, 0],
			"scale": [0.81, 0.61, 1.06]
		},
		"head": {
			"translation": [0, 14.5, 0]
		},
		"fixed": {
			"rotation": [-90, 0, 0],
			"translation": [0, 0, -14],
			"scale": [2, 2, 2]
		}
	}
}